[
  {
    "value": "@sys.given-name @sys.last-name @sys.last-name",
    "synonyms": [
      "@sys.given-name @sys.last-name @sys.last-name"
    ]
  },
  {
    "value": "@sys.given-name @sys.last-name",
    "synonyms": [
      "@sys.given-name @sys.last-name"
    ]
  },
  {
    "value": "@sys.given-name",
    "synonyms": [
      "@sys.given-name"
    ]
  },
  {
    "value": "@sys.last-name",
    "synonyms": [
      "@sys.last-name"
    ]
  },
  {
    "value": "Tolkien",
    "synonyms": [
      "Tolkien"
    ]
  },
  {
    "value": "Cervantes",
    "synonyms": [
      "Cervantes"
    ]
  }
]