[
  {
    "value": "Tragedy",
    "synonyms": [
      "Tragedy"
    ]
  },
  {
    "value": "Science-fiction",
    "synonyms": [
      "Science-fiction"
    ]
  },
  {
    "value": "Fantasy",
    "synonyms": [
      "Fantasy"
    ]
  },
  {
    "value": "Adventure",
    "synonyms": [
      "Adventure",
      "Action"
    ]
  },
  {
    "value": "Mythology",
    "synonyms": [
      "Mythology"
    ]
  },
  {
    "value": "Mystery",
    "synonyms": [
      "Mystery"
    ]
  },
  {
    "value": "Drama",
    "synonyms": [
      "Drama"
    ]
  },
  {
    "value": "Romance",
    "synonyms": [
      "Romance"
    ]
  },
  {
    "value": "Satire",
    "synonyms": [
      "Satire"
    ]
  },
  {
    "value": "Horror",
    "synonyms": [
      "Horror"
    ]
  },
  {
    "value": "Tragic comedy",
    "synonyms": [
      "Tragic comedy"
    ]
  },
  {
    "value": "Dystopia",
    "synonyms": [
      "Dystopia"
    ]
  },
  {
    "value": "Thriller",
    "synonyms": [
      "Thriller"
    ]
  },
  {
    "value": "Mistery",
    "synonyms": [
      "Mistery"
    ]
  },
  {
    "value": "comedy",
    "synonyms": [
      "comedy"
    ]
  },
  {
    "value": "science fiction",
    "synonyms": [
      "science fiction"
    ]
  },
  {
    "value": "Love",
    "synonyms": [
      "Love",
      "romantic"
    ]
  }
]