[
  {
    "id": "b5dddb76-4175-46a8-9bfc-4a556413cfe3",
    "data": [
      {
        "text": "Sure",
        "userDefined": false
      }
    ],
    "isTemplate": false,
    "count": 0,
    "updated": 1548176806
  },
  {
    "id": "4a0fc07e-dfeb-49eb-b2dc-830fa0c43beb",
    "data": [
      {
        "text": "Perfect",
        "userDefined": false
      }
    ],
    "isTemplate": false,
    "count": 0,
    "updated": 1548176249
  },
  {
    "id": "ebc1f020-9cdb-4259-942d-e42bc76823f5",
    "data": [
      {
        "text": "Yes",
        "userDefined": false
      }
    ],
    "isTemplate": false,
    "count": 0,
    "updated": 1548176249
  }
]