[
  {
    "id": "e88e0cc3-5b10-4e7a-af35-f4fcb923ff6a",
    "data": [
      {
        "text": "Perfect",
        "userDefined": false
      }
    ],
    "isTemplate": false,
    "count": 0,
    "updated": 1547114891
  },
  {
    "id": "ccb60857-53ae-412f-8031-a36dc46f12e7",
    "data": [
      {
        "text": "Yes",
        "userDefined": false
      }
    ],
    "isTemplate": false,
    "count": 0,
    "updated": 1547114891
  },
  {
    "id": "b7d16160-2881-46bb-bf48-70a48a2bd165",
    "data": [
      {
        "text": "Thank you",
        "userDefined": false
      }
    ],
    "isTemplate": false,
    "count": 0,
    "updated": 1547114891
  }
]