[
  {
    "id": "ae34182d-56d7-47af-b218-edea46883db2",
    "data": [
      {
        "text": "prdjDwAAQBAJ",
        "alias": "any",
        "meta": "@sys.any",
        "userDefined": true
      }
    ],
    "isTemplate": false,
    "count": 0,
    "updated": 1548177224
  },
  {
    "id": "642f91a4-d723-4f54-a9e4-2fa94a9aaa9d",
    "data": [
      {
        "text": "nddHj3Vpg1cC",
        "alias": "any",
        "meta": "@sys.any",
        "userDefined": true
      }
    ],
    "isTemplate": false,
    "count": 0,
    "updated": 1548177224
  },
  {
    "id": "537ca4a8-1cbf-41af-aab0-a109853e20ef",
    "data": [
      {
        "text": "oTv9eKU2mMcC",
        "alias": "any",
        "meta": "@sys.any",
        "userDefined": true
      }
    ],
    "isTemplate": false,
    "count": 0,
    "updated": 1548177224
  },
  {
    "id": "2efa3155-e536-4fd7-9008-3c30f4035e07",
    "data": [
      {
        "text": "_iJWHyD4NUcC",
        "alias": "any",
        "meta": "@sys.any",
        "userDefined": true
      }
    ],
    "isTemplate": false,
    "count": 0,
    "updated": 1548177224
  },
  {
    "id": "5d67b5f5-9506-47a5-a02f-417cb3fb5e55",
    "data": [
      {
        "text": "xBZThIVHl2cC",
        "alias": "any",
        "meta": "@sys.any",
        "userDefined": true
      }
    ],
    "isTemplate": false,
    "count": 0,
    "updated": 1548177224
  }
]