[
  {
    "id": "22d16337-c1cb-49ea-9326-7c49035ca96b",
    "data": [
      {
        "text": "the author of the book is ",
        "userDefined": false
      },
      {
        "text": "George Martins",
        "alias": "author",
        "meta": "@author",
        "userDefined": false
      }
    ],
    "isTemplate": false,
    "count": 0,
    "updated": 1548162937
  },
  {
    "id": "7cd66898-4e58-45bd-8a3d-ecaa0ef171bc",
    "data": [
      {
        "text": "named ",
        "userDefined": false
      },
      {
        "text": "John Ronald",
        "alias": "author",
        "meta": "@author",
        "userDefined": false
      }
    ],
    "isTemplate": false,
    "count": 0,
    "updated": 1548162937
  },
  {
    "id": "aa8a897d-3a94-4d53-b384-c1d3e3891618",
    "data": [
      {
        "text": "the author\u0027s named ",
        "userDefined": false
      },
      {
        "text": "Tolkien",
        "alias": "author",
        "meta": "@author",
        "userDefined": true
      }
    ],
    "isTemplate": false,
    "count": 0,
    "updated": 1548162937
  },
  {
    "id": "f5e8145d-0820-4f5a-b79b-73037c0e0149",
    "data": [
      {
        "text": "the name of the author is ",
        "userDefined": false
      },
      {
        "text": "Jose Luis",
        "alias": "author",
        "meta": "@author",
        "userDefined": false
      }
    ],
    "isTemplate": false,
    "count": 0,
    "updated": 1548162937
  },
  {
    "id": "e0469c92-c6b3-4ef4-8c22-a6ef81d91915",
    "data": [
      {
        "text": "his name is ",
        "userDefined": false
      },
      {
        "text": "Cervantes",
        "alias": "author",
        "meta": "@author",
        "userDefined": true
      }
    ],
    "isTemplate": false,
    "count": 0,
    "updated": 1548162937
  },
  {
    "id": "84e4392c-10f6-4038-8912-c94b3fa7d630",
    "data": [
      {
        "text": "Simon",
        "alias": "author",
        "meta": "@author",
        "userDefined": false
      }
    ],
    "isTemplate": false,
    "count": 0,
    "updated": 1548162937
  },
  {
    "id": "f8619c71-9187-4bef-bb29-381aab55f15d",
    "data": [
      {
        "text": "written by ",
        "userDefined": false
      },
      {
        "text": "William Shakespeare",
        "alias": "author",
        "meta": "@author",
        "userDefined": false
      }
    ],
    "isTemplate": false,
    "count": 0,
    "updated": 1548162937
  },
  {
    "id": "59ca50d9-167e-4aac-a9fe-0ce89c067600",
    "data": [
      {
        "text": "the author is ",
        "userDefined": false
      },
      {
        "text": "Arturo Pérez-Reverte",
        "alias": "author",
        "meta": "@author",
        "userDefined": false
      }
    ],
    "isTemplate": false,
    "count": 1,
    "updated": 1548162691
  }
]