[
  {
    "id": "661edd9d-ef11-4cbb-8422-73f6740f5088",
    "data": [
      {
        "text": "thanks",
        "userDefined": false
      }
    ],
    "isTemplate": false,
    "count": 0,
    "updated": 1548177409
  },
  {
    "id": "fbdfde49-d343-4626-98f2-d40c67965d38",
    "data": [
      {
        "text": "perfect",
        "userDefined": false
      }
    ],
    "isTemplate": false,
    "count": 0,
    "updated": 1548177409
  },
  {
    "id": "b635206f-87f9-44af-b5bd-d578419dd1df",
    "data": [
      {
        "text": "yes",
        "userDefined": false
      }
    ],
    "isTemplate": false,
    "count": 0,
    "updated": 1548177409
  }
]