[
  {
    "id": "df4aa2e5-95d1-4af4-acaa-cb801978def3",
    "data": [
      {
        "text": "Don\u0027t want",
        "userDefined": false
      }
    ],
    "isTemplate": false,
    "count": 0,
    "updated": 1548177894
  },
  {
    "id": "822d5603-6105-42a1-8326-afebdfacc080",
    "data": [
      {
        "text": "I was not thingking about",
        "userDefined": false
      }
    ],
    "isTemplate": false,
    "count": 0,
    "updated": 1548177894
  },
  {
    "id": "dad0f857-df5f-439a-afd1-6e830f815667",
    "data": [
      {
        "text": "Incorrect",
        "userDefined": false
      }
    ],
    "isTemplate": false,
    "count": 0,
    "updated": 1548177894
  },
  {
    "id": "2868da3c-ddf8-477e-9995-3487fd38b568",
    "data": [
      {
        "text": "No",
        "userDefined": false
      }
    ],
    "isTemplate": false,
    "count": 0,
    "updated": 1548177894
  }
]