[
  {
    "id": "7c926b2f-1b30-41a6-8d0b-0b5c517f0b0c",
    "data": [
      {
        "text": "not really",
        "userDefined": false
      }
    ],
    "isTemplate": false,
    "count": 0,
    "updated": 1548177820
  },
  {
    "id": "7e62e883-fc87-4d71-8380-d97e9850c00f",
    "data": [
      {
        "text": "I don\u0027t",
        "userDefined": false
      }
    ],
    "isTemplate": false,
    "count": 0,
    "updated": 1548177820
  },
  {
    "id": "714c6d18-c038-4b8c-b89f-9a10162acd49",
    "data": [
      {
        "text": "No",
        "userDefined": false
      }
    ],
    "isTemplate": false,
    "count": 0,
    "updated": 1548177820
  }
]