[
  {
    "id": "9dddadce-2bca-479b-b81e-4932f50071a0",
    "data": [
      {
        "text": "Not what I wanted",
        "userDefined": false
      }
    ],
    "isTemplate": false,
    "count": 0,
    "updated": 1547114693
  },
  {
    "id": "0c8bec32-6ce5-45fa-a0fb-f6dc87a87a08",
    "data": [
      {
        "text": "That\u0027s wrong",
        "userDefined": false
      }
    ],
    "isTemplate": false,
    "count": 0,
    "updated": 1547114693
  },
  {
    "id": "12596a07-dcbf-485e-89c2-56f03771681c",
    "data": [
      {
        "text": "No",
        "userDefined": false
      }
    ],
    "isTemplate": false,
    "count": 0,
    "updated": 1547114693
  }
]