[
  {
    "id": "4c67ac5b-3e9c-47d0-a321-a1c1bbc0e43f",
    "data": [
      {
        "text": "Simon",
        "alias": "author",
        "meta": "@author",
        "userDefined": false
      }
    ],
    "isTemplate": false,
    "count": 0,
    "updated": 1547114550
  },
  {
    "id": "f841a21e-14b8-4cf3-94bf-0f12b09ddf50",
    "data": [
      {
        "text": "the author is ",
        "userDefined": false
      },
      {
        "text": "Arturo",
        "alias": "author",
        "meta": "@author",
        "userDefined": false
      },
      {
        "text": " Pérez-Reverte",
        "userDefined": false
      }
    ],
    "isTemplate": false,
    "count": 0,
    "updated": 1547114550
  },
  {
    "id": "e7d392de-6617-4c55-b640-9595543895da",
    "data": [
      {
        "text": "written by ",
        "userDefined": false
      },
      {
        "text": "William",
        "alias": "author",
        "meta": "@author",
        "userDefined": false
      },
      {
        "text": " ",
        "userDefined": false
      },
      {
        "text": "Shakespeare",
        "alias": "author1",
        "meta": "@author",
        "userDefined": false
      }
    ],
    "isTemplate": false,
    "count": 0,
    "updated": 1547114550
  }
]