[
  {
    "id": "8513cf05-1907-4f50-a075-f2e54f265982",
    "data": [
      {
        "text": "year 1996",
        "alias": "year",
        "meta": "@year",
        "userDefined": false
      }
    ],
    "isTemplate": false,
    "count": 0,
    "updated": 1547052861
  },
  {
    "id": "bf44f951-9b0d-4a38-adc9-a4fed91c6e4e",
    "data": [
      {
        "text": "written ",
        "userDefined": false
      },
      {
        "text": "in 1456",
        "alias": "year",
        "meta": "@year",
        "userDefined": false
      }
    ],
    "isTemplate": false,
    "count": 0,
    "updated": 1547052861
  },
  {
    "id": "68720a70-5b0e-449a-9c83-9de09f5bea26",
    "data": [
      {
        "text": "1452",
        "alias": "year",
        "meta": "@year",
        "userDefined": false
      }
    ],
    "isTemplate": false,
    "count": 0,
    "updated": 1547052861
  }
]