[
  {
    "id": "67cbaa01-3c85-4e38-bbe7-f9e4a2f71537",
    "data": [
      {
        "text": "Japanese",
        "alias": "nation",
        "meta": "@nation",
        "userDefined": false
      },
      {
        "text": " novel",
        "userDefined": false
      }
    ],
    "isTemplate": false,
    "count": 0,
    "updated": 1547114300
  },
  {
    "id": "f6914c8c-6e69-4b44-bf5d-57850318b62b",
    "data": [
      {
        "text": "United Kingdom",
        "alias": "nation",
        "meta": "@nation",
        "userDefined": false
      }
    ],
    "isTemplate": false,
    "count": 0,
    "updated": 1547114300
  },
  {
    "id": "5a7dc192-f27b-470e-b411-6da6ef6e7468",
    "data": [
      {
        "text": "in ",
        "userDefined": false
      },
      {
        "text": "France",
        "alias": "nation",
        "meta": "@nation",
        "userDefined": false
      }
    ],
    "isTemplate": false,
    "count": 0,
    "updated": 1547114300
  },
  {
    "id": "5aa7fb30-21c6-44a1-a10b-589c62a7db26",
    "data": [
      {
        "text": "from ",
        "userDefined": false
      },
      {
        "text": "Spain",
        "alias": "nation",
        "meta": "@nation",
        "userDefined": false
      }
    ],
    "isTemplate": false,
    "count": 0,
    "updated": 1547114300
  }
]