[
  {
    "id": "9781ce91-de45-481d-b310-e578c77736fd",
    "data": [
      {
        "text": "Mistery",
        "alias": "genre",
        "meta": "@genre",
        "userDefined": true
      },
      {
        "text": " genre",
        "userDefined": false
      }
    ],
    "isTemplate": false,
    "count": 0,
    "updated": 1547054216
  },
  {
    "id": "0dd576d9-0468-4484-8c91-82f94ab6e633",
    "data": [
      {
        "text": "Science-fiction",
        "alias": "genre",
        "meta": "@genre",
        "userDefined": false
      }
    ],
    "isTemplate": false,
    "count": 0,
    "updated": 1547054216
  },
  {
    "id": "d3326d5e-65d1-4a8d-acc4-4d6988eb1628",
    "data": [
      {
        "text": "Action",
        "alias": "genre",
        "meta": "@genre",
        "userDefined": false
      },
      {
        "text": " and ",
        "userDefined": false
      },
      {
        "text": "Thriller",
        "alias": "genre1",
        "meta": "@genre",
        "userDefined": false
      }
    ],
    "isTemplate": false,
    "count": 0,
    "updated": 1547054153
  },
  {
    "id": "6b4d5be6-6b2b-4b69-a524-58dc0920b882",
    "data": [
      {
        "text": "Drama",
        "alias": "genre",
        "meta": "@genre",
        "userDefined": false
      },
      {
        "text": " book",
        "userDefined": false
      }
    ],
    "isTemplate": false,
    "count": 0,
    "updated": 1547054153
  }
]