[
  {
    "id": "d9a1bb91-ce94-4eb5-852f-3f31bd6f8c65",
    "data": [
      {
        "text": "Which is the book written by ",
        "userDefined": false
      },
      {
        "text": "Karl",
        "alias": "author",
        "meta": "@author",
        "userDefined": false
      },
      {
        "text": " ",
        "userDefined": false
      },
      {
        "text": "in 1867",
        "alias": "year",
        "meta": "@year",
        "userDefined": false
      },
      {
        "text": "?",
        "userDefined": false
      }
    ],
    "isTemplate": false,
    "count": 0,
    "updated": 1547115908
  },
  {
    "id": "1edd8361-1e71-497b-bd13-bf36066b9807",
    "data": [
      {
        "text": "Do you know any ",
        "userDefined": false
      },
      {
        "text": "action",
        "alias": "genre",
        "meta": "@genre",
        "userDefined": false
      },
      {
        "text": " book written by ",
        "userDefined": false
      },
      {
        "text": "Tolkien",
        "alias": "author",
        "meta": "@author",
        "userDefined": true
      },
      {
        "text": "?",
        "userDefined": false
      }
    ],
    "isTemplate": false,
    "count": 0,
    "updated": 1547115908
  },
  {
    "id": "ffa733ff-19ae-470f-9ad8-ffb69aad22a0",
    "data": [
      {
        "text": "Is there any ",
        "userDefined": false
      },
      {
        "text": "german",
        "alias": "nation",
        "meta": "@nation",
        "userDefined": false
      },
      {
        "text": " ",
        "userDefined": false
      },
      {
        "text": "science-fiction",
        "alias": "genre",
        "meta": "@genre",
        "userDefined": false
      },
      {
        "text": " book?",
        "userDefined": false
      }
    ],
    "isTemplate": false,
    "count": 0,
    "updated": 1547115908
  },
  {
    "id": "8116a3fb-87da-4d69-b4a1-1946e70a851b",
    "data": [
      {
        "text": "Is there any ",
        "userDefined": false
      },
      {
        "text": "german",
        "alias": "nation",
        "meta": "@nation",
        "userDefined": false
      },
      {
        "text": " ",
        "userDefined": false
      },
      {
        "text": "science fiction",
        "alias": "genre",
        "meta": "@genre",
        "userDefined": true
      },
      {
        "text": " book?",
        "userDefined": false
      }
    ],
    "isTemplate": false,
    "count": 0,
    "updated": 1547115908
  },
  {
    "id": "15f080fd-8a1b-4c65-a7fe-b316fc8671dc",
    "data": [
      {
        "text": "Is it possible to check if there is ",
        "userDefined": false
      },
      {
        "text": "an",
        "meta": "@sys.ignore",
        "userDefined": false
      },
      {
        "text": " ",
        "userDefined": false
      },
      {
        "text": "Italian",
        "alias": "nation",
        "meta": "@nation",
        "userDefined": false
      },
      {
        "text": " ",
        "userDefined": false
      },
      {
        "text": "comedy",
        "alias": "genre",
        "meta": "@genre",
        "userDefined": true
      },
      {
        "text": " written ",
        "userDefined": false
      },
      {
        "text": "in 1487",
        "alias": "year",
        "meta": "@year",
        "userDefined": false
      },
      {
        "text": "?",
        "userDefined": false
      }
    ],
    "isTemplate": false,
    "count": 0,
    "updated": 1547115908
  },
  {
    "id": "27c54eba-7ecf-4d43-8118-e54ad6a5e98b",
    "data": [
      {
        "text": "I\u0027m searching for a ",
        "userDefined": false
      },
      {
        "text": "French",
        "alias": "nation",
        "meta": "@nation",
        "userDefined": false
      },
      {
        "text": " ",
        "userDefined": false
      },
      {
        "text": "drama",
        "alias": "genre",
        "meta": "@genre",
        "userDefined": false
      },
      {
        "text": " novel",
        "userDefined": false
      }
    ],
    "isTemplate": false,
    "count": 0,
    "updated": 1547115908
  },
  {
    "id": "46e1027a-ab10-49a4-a844-191459c84ba4",
    "data": [
      {
        "text": "Do you have ",
        "userDefined": false
      },
      {
        "text": "Shakespeares",
        "alias": "author",
        "meta": "@author",
        "userDefined": false
      },
      {
        "text": " novel written ",
        "userDefined": false
      },
      {
        "text": "in 1594",
        "alias": "year",
        "meta": "@year",
        "userDefined": false
      },
      {
        "text": "?",
        "userDefined": false
      }
    ],
    "isTemplate": false,
    "count": 0,
    "updated": 1547115908
  },
  {
    "id": "85c3efaf-d5d8-46df-9285-3155f33c0e54",
    "data": [
      {
        "text": "A ",
        "userDefined": false
      },
      {
        "text": "Spanish",
        "alias": "nation",
        "meta": "@nation",
        "userDefined": false
      },
      {
        "text": " book written by ",
        "userDefined": false
      },
      {
        "text": "Arturo",
        "alias": "author",
        "meta": "@author",
        "userDefined": false
      }
    ],
    "isTemplate": false,
    "count": 0,
    "updated": 1547115908
  }
]